model,side,label,threshold,sample_mode,evaluated_years,complete_years,candidate_rows,signal_count,coverage,precision,natural_precision,actual_up_rate,actual_down_rate,avg_future_ret_3w,avg_future_mfe_3w,avg_future_mae_3w,natural_avg_future_ret_3w,precision_lift,avg_return_lift
bp,bottom,manual_weak_bottom_label,0.3,all_signals,6,5,80,39,0.4875,0.15384615384615385,0.2625,0.4358974358974359,0.5641025641025641,0.01452118358974359,0.04611394743589744,-0.04055061769230769,0.012450520499999998,-0.10865384615384616,0.002070663089743593
bp,bottom,manual_weak_bottom_label,0.3,non_overlapping,6,5,80,22,0.275,0.13636363636363635,0.2625,0.4090909090909091,0.5909090909090909,0.009369022727272726,0.04539968090909091,-0.04559218,0.012450520499999998,-0.12613636363636366,-0.003081497772727272
bp,bottom,manual_weak_bottom_label,0.4,all_signals,6,5,80,34,0.425,0.17647058823529413,0.2625,0.47058823529411764,0.5294117647058824,0.020438735294117646,0.04957041029411764,-0.04059261294117647,0.012450520499999998,-0.08602941176470588,0.007988214794117649
bp,bottom,manual_weak_bottom_label,0.4,non_overlapping,6,5,80,19,0.2375,0.15789473684210525,0.2625,0.42105263157894735,0.5789473684210527,0.01295131052631579,0.05014585736842105,-0.04761456105263158,0.012450520499999998,-0.10460526315789476,0.0005007900263157925
bp,bottom,manual_weak_bottom_label,0.5,all_signals,6,5,80,22,0.275,0.22727272727272727,0.2625,0.5,0.5,0.02848516409090909,0.05924316590909091,-0.04051616227272727,0.012450520499999998,-0.035227272727272746,0.016034643590909094
bp,bottom,manual_weak_bottom_label,0.5,non_overlapping,6,5,80,13,0.1625,0.3076923076923077,0.2625,0.6923076923076923,0.3076923076923077,0.035037450769230774,0.06759895538461538,-0.039873601538461534,0.012450520499999998,0.0451923076923077,0.022586930269230775
bp,bottom,manual_weak_bottom_label,0.6,all_signals,6,5,80,8,0.1,0.25,0.2625,0.625,0.375,0.0129737175,0.05185679875,-0.03361400375,0.012450520499999998,-0.012500000000000011,0.000523197000000003
bp,bottom,manual_weak_bottom_label,0.6,non_overlapping,6,5,80,7,0.0875,0.2857142857142857,0.2625,0.7142857142857143,0.2857142857142857,0.015378238571428572,0.05669518857142857,-0.03421994,0.012450520499999998,0.023214285714285687,0.002927718071428574
bp,bottom,manual_weak_bottom_label,0.7,all_signals,6,5,80,3,0.0375,0.6666666666666666,0.2625,0.6666666666666666,0.3333333333333333,0.04535479,0.08993762,-0.03937685333333333,0.012450520499999998,0.4041666666666666,0.0329042695
bp,bottom,manual_weak_bottom_label,0.7,non_overlapping,6,5,80,3,0.0375,0.6666666666666666,0.2625,0.6666666666666666,0.3333333333333333,0.04535479,0.08993762,-0.03937685333333333,0.012450520499999998,0.4041666666666666,0.0329042695
bp,top,manual_weak_top_label,0.3,all_signals,6,5,111,15,0.13513513513513514,0.3333333333333333,0.0990990990990991,0.4,0.6,-0.019078564666666666,0.025252970666666666,-0.04756378733333333,0.00734634927927928,0.23423423423423423,-0.026424913945945944
bp,top,manual_weak_top_label,0.3,non_overlapping,6,5,111,13,0.11711711711711711,0.38461538461538464,0.0990990990990991,0.38461538461538464,0.6153846153846154,-0.022086389230769228,0.023376380769230768,-0.05030404076923077,0.00734634927927928,0.28551628551628555,-0.029432738510048507
bp,top,manual_weak_top_label,0.4,all_signals,6,5,111,8,0.07207207207207207,0.25,0.0990990990990991,0.625,0.375,-0.0023805050000000006,0.03204024375,-0.040139933749999995,0.00734634927927928,0.15090090090090091,-0.00972685427927928
bp,top,manual_weak_top_label,0.4,non_overlapping,6,5,111,7,0.06306306306306306,0.2857142857142857,0.0990990990990991,0.5714285714285714,0.42857142857142855,-0.005068352857142856,0.03155345714285714,-0.04058060857142857,0.00734634927927928,0.1866151866151866,-0.012414702136422135
bp,top,manual_weak_top_label,0.5,all_signals,6,5,111,5,0.04504504504504504,0.2,0.0990990990990991,0.6,0.4,-0.005657197999999998,0.026590758000000003,-0.036997206,0.00734634927927928,0.10090090090090091,-0.013003547279279278
bp,top,manual_weak_top_label,0.5,non_overlapping,6,5,111,5,0.04504504504504504,0.2,0.0990990990990991,0.6,0.4,-0.005657197999999998,0.026590758000000003,-0.036997206,0.00734634927927928,0.10090090090090091,-0.013003547279279278
bp,top,manual_weak_top_label,0.6,all_signals,6,5,111,2,0.018018018018018018,0.5,0.0990990990990991,0.5,0.5,-0.020265175000000003,0.02172343,-0.057534459999999996,0.00734634927927928,0.4009009009009009,-0.027611524279279282
bp,top,manual_weak_top_label,0.6,non_overlapping,6,5,111,2,0.018018018018018018,0.5,0.0990990990990991,0.5,0.5,-0.020265175000000003,0.02172343,-0.057534459999999996,0.00734634927927928,0.4009009009009009,-0.027611524279279282
bp,top,manual_weak_top_label,0.7,all_signals,6,5,111,2,0.018018018018018018,0.5,0.0990990990990991,0.5,0.5,-0.020265175000000003,0.02172343,-0.057534459999999996,0.00734634927927928,0.4009009009009009,-0.027611524279279282
bp,top,manual_weak_top_label,0.7,non_overlapping,6,5,111,2,0.018018018018018018,0.5,0.0990990990990991,0.5,0.5,-0.020265175000000003,0.02172343,-0.057534459999999996,0.00734634927927928,0.4009009009009009,-0.027611524279279282
lda,bottom,manual_weak_bottom_label,0.3,all_signals,6,5,80,16,0.2,0.25,0.2625,0.5,0.5,0.022541323125,0.05078029375,-0.04315838,0.012450520499999998,-0.012500000000000011,0.010090802625
lda,bottom,manual_weak_bottom_label,0.3,non_overlapping,6,5,80,9,0.1125,0.2222222222222222,0.2625,0.4444444444444444,0.5555555555555556,0.021899295555555556,0.056784709999999995,-0.05772070222222222,0.012450520499999998,-0.0402777777777778,0.009448775055555558
lda,bottom,manual_weak_bottom_label,0.4,all_signals,6,5,80,14,0.175,0.2857142857142857,0.2625,0.5,0.5,0.026374465714285717,0.05394053428571428,-0.04613991214285714,0.012450520499999998,0.023214285714285687,0.01392394521428572
lda,bottom,manual_weak_bottom_label,0.4,non_overlapping,6,5,80,7,0.0875,0.2857142857142857,0.2625,0.42857142857142855,0.5714285714285714,0.02967025714285714,0.06407786,-0.0675441,0.012450520499999998,0.023214285714285687,0.017219736642857142
lda,bottom,manual_weak_bottom_label,0.5,all_signals,6,5,80,13,0.1625,0.23076923076923078,0.2625,0.46153846153846156,0.5384615384615384,0.014492722307692305,0.042898846153846155,-0.04301818692307692,0.012450520499999998,-0.03173076923076923,0.0020422018076923076
lda,bottom,manual_weak_bottom_label,0.5,non_overlapping,6,5,80,6,0.075,0.16666666666666666,0.2625,0.3333333333333333,0.6666666666666666,0.004475778333333333,0.04184375666666667,-0.06434772666666666,0.012450520499999998,-0.09583333333333335,-0.007974742166666665
lda,bottom,manual_weak_bottom_label,0.6,all_signals,6,5,80,12,0.15,0.25,0.2625,0.5,0.5,0.01831010333333333,0.046196982500000004,-0.04067146083333333,0.012450520499999998,-0.012500000000000011,0.005859582833333333
lda,bottom,manual_weak_bottom_label,0.6,non_overlapping,6,5,80,6,0.075,0.16666666666666666,0.2625,0.6666666666666666,0.3333333333333333,0.016869341666666666,0.048634619999999996,-0.05091670166666667,0.012450520499999998,-0.09583333333333335,0.004418821166666668
lda,bottom,manual_weak_bottom_label,0.7,all_signals,6,5,80,9,0.1125,0.2222222222222222,0.2625,0.4444444444444444,0.5555555555555556,0.01350766,0.04394561222222223,-0.03380279111111111,0.012450520499999998,-0.0402777777777778,0.0010571395000000018
lda,bottom,manual_weak_bottom_label,0.7,non_overlapping,6,5,80,6,0.075,0.3333333333333333,0.2625,0.6666666666666666,0.3333333333333333,0.024658815,0.05817271999999999,-0.03086947,0.012450520499999998,0.0708333333333333,0.012208294500000003
lda,top,manual_weak_top_label,0.3,all_signals,6,5,111,11,0.0990990990990991,0.2727272727272727,0.0990990990990991,0.45454545454545453,0.5454545454545454,-0.01146247,0.02812843727272727,-0.04852702545454546,0.00734634927927928,0.17362817362817362,-0.01880881927927928
lda,top,manual_weak_top_label,0.3,non_overlapping,6,5,111,8,0.07207207207207207,0.125,0.0990990990990991,0.5,0.5,0.0020204637500000006,0.0313886825,-0.034575038749999995,0.00734634927927928,0.0259009009009009,-0.005325885529279279
lda,top,manual_weak_top_label,0.4,all_signals,6,5,111,8,0.07207207207207207,0.25,0.0990990990990991,0.5,0.5,-0.0064938925,0.0288904425,-0.0467237225,0.00734634927927928,0.15090090090090091,-0.01384024177927928
lda,top,manual_weak_top_label,0.4,non_overlapping,6,5,111,7,0.06306306306306306,0.2857142857142857,0.0990990990990991,0.42857142857142855,0.5714285714285714,-0.012437764285714288,0.027761212857142854,-0.04395601428571428,0.00734634927927928,0.1866151866151866,-0.01978411356499357
lda,top,manual_weak_top_label,0.5,all_signals,6,5,111,8,0.07207207207207207,0.25,0.0990990990990991,0.5,0.5,-0.0064938925,0.0288904425,-0.0467237225,0.00734634927927928,0.15090090090090091,-0.01384024177927928
lda,top,manual_weak_top_label,0.5,non_overlapping,6,5,111,7,0.06306306306306306,0.2857142857142857,0.0990990990990991,0.42857142857142855,0.5714285714285714,-0.012437764285714288,0.027761212857142854,-0.04395601428571428,0.00734634927927928,0.1866151866151866,-0.01978411356499357
lda,top,manual_weak_top_label,0.6,all_signals,6,5,111,7,0.06306306306306306,0.2857142857142857,0.0990990990990991,0.5714285714285714,0.42857142857142855,-0.003017692857142856,0.03291324714285714,-0.047878645714285704,0.00734634927927928,0.1866151866151866,-0.010364042136422136
lda,top,manual_weak_top_label,0.6,non_overlapping,6,5,111,6,0.05405405405405406,0.3333333333333333,0.0990990990990991,0.5,0.5,-0.009372843333333334,0.03226628,-0.044842139999999996,0.00734634927927928,0.23423423423423423,-0.016719192612612614
lda,top,manual_weak_top_label,0.7,all_signals,6,5,111,7,0.06306306306306306,0.2857142857142857,0.0990990990990991,0.5714285714285714,0.42857142857142855,-0.003017692857142856,0.03291324714285714,-0.047878645714285704,0.00734634927927928,0.1866151866151866,-0.010364042136422136
lda,top,manual_weak_top_label,0.7,non_overlapping,6,5,111,6,0.05405405405405406,0.3333333333333333,0.0990990990990991,0.5,0.5,-0.009372843333333334,0.03226628,-0.044842139999999996,0.00734634927927928,0.23423423423423423,-0.016719192612612614
lightgbm,bottom,manual_weak_bottom_label,0.3,all_signals,6,5,80,13,0.1625,0.38461538461538464,0.2625,0.5384615384615384,0.46153846153846156,0.02822433923076923,0.06304546846153845,-0.06206793384615385,0.012450520499999998,0.12211538461538463,0.015773818730769232
lightgbm,bottom,manual_weak_bottom_label,0.3,non_overlapping,6,5,80,8,0.1,0.125,0.2625,0.375,0.625,-0.0108652575,0.035275965,-0.07578004625000001,0.012450520499999998,-0.1375,-0.023315777999999995
lightgbm,bottom,manual_weak_bottom_label,0.4,all_signals,6,5,80,8,0.1,0.375,0.2625,0.625,0.375,0.03372832875,0.0648886525,-0.07646402625000001,0.012450520499999998,0.11249999999999999,0.021277808250000002
lightgbm,bottom,manual_weak_bottom_label,0.4,non_overlapping,6,5,80,6,0.075,0.16666666666666666,0.2625,0.5,0.5,-0.00054176,0.03823111333333334,-0.085505605,0.012450520499999998,-0.09583333333333335,-0.012992280499999998
lightgbm,bottom,manual_weak_bottom_label,0.5,all_signals,6,5,80,4,0.05,0.5,0.2625,0.5,0.5,0.040986930000000005,0.0788783,-0.09442178500000001,0.012450520499999998,0.2375,0.028536409500000005
lightgbm,bottom,manual_weak_bottom_label,0.5,non_overlapping,6,5,80,3,0.0375,0.3333333333333333,0.2625,0.3333333333333333,0.6666666666666666,-0.005629803333333336,0.03934357333333333,-0.09698826666666667,0.012450520499999998,0.0708333333333333,-0.018080323833333335
lightgbm,bottom,manual_weak_bottom_label,0.6,all_signals,6,5,80,1,0.0125,1.0,0.2625,1.0,0.0,0.18083713,0.19748248,-0.08672234,0.012450520499999998,0.7375,0.1683866095
lightgbm,bottom,manual_weak_bottom_label,0.6,non_overlapping,6,5,80,1,0.0125,1.0,0.2625,1.0,0.0,0.18083713,0.19748248,-0.08672234,0.012450520499999998,0.7375,0.1683866095
lightgbm,bottom,manual_weak_bottom_label,0.7,all_signals,6,5,80,1,0.0125,1.0,0.2625,1.0,0.0,0.18083713,0.19748248,-0.08672234,0.012450520499999998,0.7375,0.1683866095
lightgbm,bottom,manual_weak_bottom_label,0.7,non_overlapping,6,5,80,1,0.0125,1.0,0.2625,1.0,0.0,0.18083713,0.19748248,-0.08672234,0.012450520499999998,0.7375,0.1683866095
lightgbm,top,manual_weak_top_label,0.3,all_signals,6,5,111,13,0.11711711711711711,0.3076923076923077,0.0990990990990991,0.5384615384615384,0.46153846153846156,-0.016422033076923078,0.030635776153846155,-0.05403750384615384,0.00734634927927928,0.20859320859320862,-0.023768382356202357
lightgbm,top,manual_weak_top_label,0.3,non_overlapping,6,5,111,9,0.08108108108108109,0.2222222222222222,0.0990990990990991,0.5555555555555556,0.4444444444444444,-0.010915218888888887,0.03104001,-0.04684340666666667,0.00734634927927928,0.12312312312312311,-0.018261568168168166
lightgbm,top,manual_weak_top_label,0.4,all_signals,6,5,111,8,0.07207207207207207,0.5,0.0990990990990991,0.375,0.625,-0.036250278749999996,0.02363852625,-0.07204189625,0.00734634927927928,0.4009009009009009,-0.04359662802927928
lightgbm,top,manual_weak_top_label,0.4,non_overlapping,6,5,111,6,0.05405405405405406,0.6666666666666666,0.0990990990990991,0.16666666666666666,0.8333333333333334,-0.06339969,0.011549366666666666,-0.083955085,0.00734634927927928,0.5675675675675675,-0.07074603927927928
lightgbm,top,manual_weak_top_label,0.5,all_signals,6,5,111,3,0.02702702702702703,0.6666666666666666,0.0990990990990991,0.3333333333333333,0.6666666666666666,-0.03819906666666666,0.026968980000000004,-0.06597823,0.00734634927927928,0.5675675675675675,-0.045545415945945945
lightgbm,top,manual_weak_top_label,0.5,non_overlapping,6,5,111,3,0.02702702702702703,0.6666666666666666,0.0990990990990991,0.3333333333333333,0.6666666666666666,-0.03819906666666666,0.026968980000000004,-0.06597823,0.00734634927927928,0.5675675675675675,-0.045545415945945945
lightgbm,top,manual_weak_top_label,0.6,all_signals,6,5,111,0,0.0,,0.0990990990990991,,,,,,0.00734634927927928,,
lightgbm,top,manual_weak_top_label,0.6,non_overlapping,6,5,111,0,0.0,,0.0990990990990991,,,,,,0.00734634927927928,,
lightgbm,top,manual_weak_top_label,0.7,all_signals,6,5,111,0,0.0,,0.0990990990990991,,,,,,0.00734634927927928,,
lightgbm,top,manual_weak_top_label,0.7,non_overlapping,6,5,111,0,0.0,,0.0990990990990991,,,,,,0.00734634927927928,,
logistic,bottom,manual_weak_bottom_label,0.3,all_signals,6,5,80,21,0.2625,0.3333333333333333,0.2625,0.5238095238095238,0.47619047619047616,0.03845113142857143,0.06865335761904763,-0.03416342666666666,0.012450520499999998,0.0708333333333333,0.02600061092857143
logistic,bottom,manual_weak_bottom_label,0.3,non_overlapping,6,5,80,11,0.1375,0.45454545454545453,0.2625,0.7272727272727273,0.2727272727272727,0.05215062363636363,0.07707169090909091,-0.03339126818181818,0.012450520499999998,0.19204545454545452,0.03970010313636363
logistic,bottom,manual_weak_bottom_label,0.4,all_signals,6,5,80,17,0.2125,0.29411764705882354,0.2625,0.47058823529411764,0.5294117647058824,0.03391484764705882,0.06591374058823529,-0.02996787,0.012450520499999998,0.03161764705882353,0.021464327147058822
logistic,bottom,manual_weak_bottom_label,0.4,non_overlapping,6,5,80,10,0.125,0.4,0.2625,0.6,0.4,0.033517662999999996,0.06625861400000001,-0.031730035000000004,0.012450520499999998,0.1375,0.021067142499999997
logistic,bottom,manual_weak_bottom_label,0.5,all_signals,6,5,80,13,0.1625,0.15384615384615385,0.2625,0.38461538461538464,0.6153846153846154,0.007540182307692309,0.04328892692307692,-0.03127486,0.012450520499999998,-0.10865384615384616,-0.004910338192307689
logistic,bottom,manual_weak_bottom_label,0.5,non_overlapping,6,5,80,7,0.0875,0.2857142857142857,0.2625,0.5714285714285714,0.42857142857142855,0.021461445714285713,0.05768170142857143,-0.032928985714285715,0.012450520499999998,0.023214285714285687,0.009010925214285715
logistic,bottom,manual_weak_bottom_label,0.6,all_signals,6,5,80,10,0.125,0.1,0.2625,0.3,0.7,0.001824453999999999,0.040827016,-0.036560674,0.012450520499999998,-0.1625,-0.010626066499999998
logistic,bottom,manual_weak_bottom_label,0.6,non_overlapping,6,5,80,6,0.075,0.16666666666666666,0.2625,0.3333333333333333,0.6666666666666666,0.009672546666666665,0.04741279,-0.04150504,0.012450520499999998,-0.09583333333333335,-0.0027779738333333324
logistic,bottom,manual_weak_bottom_label,0.7,all_signals,6,5,80,10,0.125,0.1,0.2625,0.3,0.7,0.001824453999999999,0.040827016,-0.036560674,0.012450520499999998,-0.1625,-0.010626066499999998
logistic,bottom,manual_weak_bottom_label,0.7,non_overlapping,6,5,80,6,0.075,0.16666666666666666,0.2625,0.3333333333333333,0.6666666666666666,0.009672546666666665,0.04741279,-0.04150504,0.012450520499999998,-0.09583333333333335,-0.0027779738333333324
logistic,top,manual_weak_top_label,0.3,all_signals,6,5,111,10,0.09009009009009009,0.4,0.0990990990990991,0.5,0.5,-0.013627148,0.029010418,-0.049155116,0.00734634927927928,0.30090090090090094,-0.02097349727927928
logistic,top,manual_weak_top_label,0.3,non_overlapping,6,5,111,9,0.08108108108108109,0.4444444444444444,0.0990990990990991,0.4444444444444444,0.5555555555555556,-0.016967323333333333,0.028295158888888887,-0.05049955,0.00734634927927928,0.34534534534534533,-0.02431367261261261
logistic,top,manual_weak_top_label,0.4,all_signals,6,5,111,9,0.08108108108108109,0.3333333333333333,0.0990990990990991,0.5555555555555556,0.4444444444444444,-0.006519346666666666,0.03153101,-0.045934666666666665,0.00734634927927928,0.23423423423423423,-0.013865695945945946
logistic,top,manual_weak_top_label,0.4,non_overlapping,6,5,111,8,0.07207207207207207,0.375,0.0990990990990991,0.5,0.5,-0.00938856875,0.0310414175,-0.04704459875,0.00734634927927928,0.2759009009009009,-0.01673491802927928
logistic,top,manual_weak_top_label,0.5,all_signals,6,5,111,5,0.04504504504504504,0.2,0.0990990990990991,0.6,0.4,0.0005659719999999993,0.03035434,-0.040149652,0.00734634927927928,0.10090090090090091,-0.00678037727927928
logistic,top,manual_weak_top_label,0.5,non_overlapping,6,5,111,4,0.036036036036036036,0.0,0.0990990990990991,0.75,0.25,0.0163395825,0.0330702175,-0.0317286625,0.00734634927927928,-0.0990990990990991,0.008993233220720723
logistic,top,manual_weak_top_label,0.6,all_signals,6,5,111,5,0.04504504504504504,0.2,0.0990990990990991,0.6,0.4,0.0005659719999999993,0.03035434,-0.040149652,0.00734634927927928,0.10090090090090091,-0.00678037727927928
logistic,top,manual_weak_top_label,0.6,non_overlapping,6,5,111,4,0.036036036036036036,0.0,0.0990990990990991,0.75,0.25,0.0163395825,0.0330702175,-0.0317286625,0.00734634927927928,-0.0990990990990991,0.008993233220720723
logistic,top,manual_weak_top_label,0.7,all_signals,6,5,111,3,0.02702702702702703,0.0,0.0990990990990991,0.6666666666666666,0.3333333333333333,0.016307966666666666,0.03227770666666666,-0.029953146666666666,0.00734634927927928,-0.0990990990990991,0.008961617387387388
logistic,top,manual_weak_top_label,0.7,non_overlapping,6,5,111,3,0.02702702702702703,0.0,0.0990990990990991,0.6666666666666666,0.3333333333333333,0.016307966666666666,0.03227770666666666,-0.029953146666666666,0.00734634927927928,-0.0990990990990991,0.008961617387387388
mlp,bottom,manual_weak_bottom_label,0.3,all_signals,6,5,80,4,0.05,0.5,0.2625,0.75,0.25,0.1293829725,0.21859729,-0.032334,0.012450520499999998,0.2375,0.116932452
mlp,bottom,manual_weak_bottom_label,0.3,non_overlapping,6,5,80,3,0.0375,0.3333333333333333,0.2625,0.6666666666666666,0.3333333333333333,0.10130845333333333,0.1440585,-0.04181507,0.012450520499999998,0.0708333333333333,0.08885793283333333
mlp,bottom,manual_weak_bottom_label,0.4,all_signals,6,5,80,1,0.0125,0.0,0.2625,1.0,0.0,0.04633486,0.10158525,-0.0073343,0.012450520499999998,-0.2625,0.0338843395
mlp,bottom,manual_weak_bottom_label,0.4,non_overlapping,6,5,80,1,0.0125,0.0,0.2625,1.0,0.0,0.04633486,0.10158525,-0.0073343,0.012450520499999998,-0.2625,0.0338843395
mlp,bottom,manual_weak_bottom_label,0.5,all_signals,6,5,80,1,0.0125,0.0,0.2625,1.0,0.0,0.04633486,0.10158525,-0.0073343,0.012450520499999998,-0.2625,0.0338843395
mlp,bottom,manual_weak_bottom_label,0.5,non_overlapping,6,5,80,1,0.0125,0.0,0.2625,1.0,0.0,0.04633486,0.10158525,-0.0073343,0.012450520499999998,-0.2625,0.0338843395
mlp,bottom,manual_weak_bottom_label,0.6,all_signals,6,5,80,0,0.0,,0.2625,,,,,,0.012450520499999998,,
mlp,bottom,manual_weak_bottom_label,0.6,non_overlapping,6,5,80,0,0.0,,0.2625,,,,,,0.012450520499999998,,
mlp,bottom,manual_weak_bottom_label,0.7,all_signals,6,5,80,0,0.0,,0.2625,,,,,,0.012450520499999998,,
mlp,bottom,manual_weak_bottom_label,0.7,non_overlapping,6,5,80,0,0.0,,0.2625,,,,,,0.012450520499999998,,
mlp,top,manual_weak_top_label,0.3,all_signals,6,5,111,37,0.3333333333333333,0.13513513513513514,0.0990990990990991,0.6216216216216216,0.3783783783783784,0.010223705405405407,0.04895498,-0.03646682486486487,0.00734634927927928,0.03603603603603604,0.002877356126126127
mlp,top,manual_weak_top_label,0.3,non_overlapping,6,5,111,21,0.1891891891891892,0.14285714285714285,0.0990990990990991,0.5714285714285714,0.42857142857142855,0.008834672857142857,0.05027445857142857,-0.03450586238095238,0.00734634927927928,0.04375804375804375,0.001488323577863577
mlp,top,manual_weak_top_label,0.4,all_signals,6,5,111,21,0.1891891891891892,0.09523809523809523,0.0990990990990991,0.6190476190476191,0.38095238095238093,0.012349426666666666,0.054793305714285714,-0.03770061619047619,0.00734634927927928,-0.003861003861003867,0.005003077387387387
mlp,top,manual_weak_top_label,0.4,non_overlapping,6,5,111,12,0.10810810810810811,0.16666666666666666,0.0990990990990991,0.6666666666666666,0.3333333333333333,0.01445463083333333,0.06425924416666667,-0.03701878166666667,0.00734634927927928,0.06756756756756756,0.007108281554054051
mlp,top,manual_weak_top_label,0.5,all_signals,6,5,111,14,0.12612612612612611,0.0,0.0990990990990991,0.5714285714285714,0.42857142857142855,0.015453117142857142,0.06260364571428571,-0.04009441857142857,0.00734634927927928,-0.0990990990990991,0.008106767863577863
mlp,top,manual_weak_top_label,0.5,non_overlapping,6,5,111,8,0.07207207207207207,0.0,0.0990990990990991,0.625,0.375,0.01999539,0.07750926250000001,-0.03610261875,0.00734634927927928,-0.0990990990990991,0.01264904072072072
mlp,top,manual_weak_top_label,0.6,all_signals,6,5,111,7,0.06306306306306306,0.0,0.0990990990990991,0.7142857142857143,0.2857142857142857,0.03397934714285714,0.08490956571428572,-0.02470406857142857,0.00734634927927928,-0.0990990990990991,0.026632997863577864
mlp,top,manual_weak_top_label,0.6,non_overlapping,6,5,111,5,0.04504504504504504,0.0,0.0990990990990991,0.6,0.4,0.025942361999999997,0.08139613,-0.029379893999999997,0.00734634927927928,-0.0990990990990991,0.018596012720720718
mlp,top,manual_weak_top_label,0.7,all_signals,6,5,111,3,0.02702702702702703,0.0,0.0990990990990991,1.0,0.0,0.07582852999999999,0.14687022333333333,0.00242785,0.00734634927927928,-0.0990990990990991,0.06848218072072071
mlp,top,manual_weak_top_label,0.7,non_overlapping,6,5,111,2,0.018018018018018018,0.0,0.0990990990990991,1.0,0.0,0.066345995,0.151556,0.010134035,0.00734634927927928,-0.0990990990990991,0.05899964572072072
qda,bottom,manual_weak_bottom_label,0.3,all_signals,6,5,80,80,1.0,0.2625,0.2625,0.5375,0.4625,0.012450520499999998,0.049257001,-0.0485308685,0.012450520499999998,0.0,0.0
qda,bottom,manual_weak_bottom_label,0.3,non_overlapping,6,5,80,37,0.4625,0.21621621621621623,0.2625,0.5135135135135135,0.4864864864864865,0.0062108259459459445,0.04436426378378379,-0.04919293945945946,0.012450520499999998,-0.04628378378378378,-0.006239694554054053
qda,bottom,manual_weak_bottom_label,0.4,all_signals,6,5,80,80,1.0,0.2625,0.2625,0.5375,0.4625,0.012450520499999998,0.049257001,-0.0485308685,0.012450520499999998,0.0,0.0
qda,bottom,manual_weak_bottom_label,0.4,non_overlapping,6,5,80,37,0.4625,0.21621621621621623,0.2625,0.5135135135135135,0.4864864864864865,0.0062108259459459445,0.04436426378378379,-0.04919293945945946,0.012450520499999998,-0.04628378378378378,-0.006239694554054053
qda,bottom,manual_weak_bottom_label,0.5,all_signals,6,5,80,80,1.0,0.2625,0.2625,0.5375,0.4625,0.012450520499999998,0.049257001,-0.0485308685,0.012450520499999998,0.0,0.0
qda,bottom,manual_weak_bottom_label,0.5,non_overlapping,6,5,80,37,0.4625,0.21621621621621623,0.2625,0.5135135135135135,0.4864864864864865,0.0062108259459459445,0.04436426378378379,-0.04919293945945946,0.012450520499999998,-0.04628378378378378,-0.006239694554054053
qda,bottom,manual_weak_bottom_label,0.6,all_signals,6,5,80,80,1.0,0.2625,0.2625,0.5375,0.4625,0.012450520499999998,0.049257001,-0.0485308685,0.012450520499999998,0.0,0.0
qda,bottom,manual_weak_bottom_label,0.6,non_overlapping,6,5,80,37,0.4625,0.21621621621621623,0.2625,0.5135135135135135,0.4864864864864865,0.0062108259459459445,0.04436426378378379,-0.04919293945945946,0.012450520499999998,-0.04628378378378378,-0.006239694554054053
qda,bottom,manual_weak_bottom_label,0.7,all_signals,6,5,80,80,1.0,0.2625,0.2625,0.5375,0.4625,0.012450520499999998,0.049257001,-0.0485308685,0.012450520499999998,0.0,0.0
qda,bottom,manual_weak_bottom_label,0.7,non_overlapping,6,5,80,37,0.4625,0.21621621621621623,0.2625,0.5135135135135135,0.4864864864864865,0.0062108259459459445,0.04436426378378379,-0.04919293945945946,0.012450520499999998,-0.04628378378378378,-0.006239694554054053
qda,top,manual_weak_top_label,0.3,all_signals,6,5,111,111,1.0,0.0990990990990991,0.0990990990990991,0.5945945945945946,0.40540540540540543,0.00734634927927928,0.04138443108108108,-0.035606921531531534,0.00734634927927928,0.0,0.0
qda,top,manual_weak_top_label,0.3,non_overlapping,6,5,111,45,0.40540540540540543,0.13333333333333333,0.0990990990990991,0.5777777777777777,0.4222222222222222,0.009305402222222224,0.045630123111111115,-0.032901969555555556,0.00734634927927928,0.03423423423423423,0.0019590529429429444
qda,top,manual_weak_top_label,0.4,all_signals,6,5,111,111,1.0,0.0990990990990991,0.0990990990990991,0.5945945945945946,0.40540540540540543,0.00734634927927928,0.04138443108108108,-0.035606921531531534,0.00734634927927928,0.0,0.0
qda,top,manual_weak_top_label,0.4,non_overlapping,6,5,111,45,0.40540540540540543,0.13333333333333333,0.0990990990990991,0.5777777777777777,0.4222222222222222,0.009305402222222224,0.045630123111111115,-0.032901969555555556,0.00734634927927928,0.03423423423423423,0.0019590529429429444
qda,top,manual_weak_top_label,0.5,all_signals,6,5,111,111,1.0,0.0990990990990991,0.0990990990990991,0.5945945945945946,0.40540540540540543,0.00734634927927928,0.04138443108108108,-0.035606921531531534,0.00734634927927928,0.0,0.0
qda,top,manual_weak_top_label,0.5,non_overlapping,6,5,111,45,0.40540540540540543,0.13333333333333333,0.0990990990990991,0.5777777777777777,0.4222222222222222,0.009305402222222224,0.045630123111111115,-0.032901969555555556,0.00734634927927928,0.03423423423423423,0.0019590529429429444
qda,top,manual_weak_top_label,0.6,all_signals,6,5,111,111,1.0,0.0990990990990991,0.0990990990990991,0.5945945945945946,0.40540540540540543,0.00734634927927928,0.04138443108108108,-0.035606921531531534,0.00734634927927928,0.0,0.0
qda,top,manual_weak_top_label,0.6,non_overlapping,6,5,111,45,0.40540540540540543,0.13333333333333333,0.0990990990990991,0.5777777777777777,0.4222222222222222,0.009305402222222224,0.045630123111111115,-0.032901969555555556,0.00734634927927928,0.03423423423423423,0.0019590529429429444
qda,top,manual_weak_top_label,0.7,all_signals,6,5,111,111,1.0,0.0990990990990991,0.0990990990990991,0.5945945945945946,0.40540540540540543,0.00734634927927928,0.04138443108108108,-0.035606921531531534,0.00734634927927928,0.0,0.0
qda,top,manual_weak_top_label,0.7,non_overlapping,6,5,111,45,0.40540540540540543,0.13333333333333333,0.0990990990990991,0.5777777777777777,0.4222222222222222,0.009305402222222224,0.045630123111111115,-0.032901969555555556,0.00734634927927928,0.03423423423423423,0.0019590529429429444
svm,bottom,manual_weak_bottom_label,0.3,all_signals,6,5,80,1,0.0125,0.0,0.2625,0.0,1.0,-0.03599303,0.03162694,-0.10202775,0.012450520499999998,-0.2625,-0.0484435505
svm,bottom,manual_weak_bottom_label,0.3,non_overlapping,6,5,80,1,0.0125,0.0,0.2625,0.0,1.0,-0.03599303,0.03162694,-0.10202775,0.012450520499999998,-0.2625,-0.0484435505
svm,bottom,manual_weak_bottom_label,0.4,all_signals,6,5,80,0,0.0,,0.2625,,,,,,0.012450520499999998,,
svm,bottom,manual_weak_bottom_label,0.4,non_overlapping,6,5,80,0,0.0,,0.2625,,,,,,0.012450520499999998,,
svm,bottom,manual_weak_bottom_label,0.5,all_signals,6,5,80,0,0.0,,0.2625,,,,,,0.012450520499999998,,
svm,bottom,manual_weak_bottom_label,0.5,non_overlapping,6,5,80,0,0.0,,0.2625,,,,,,0.012450520499999998,,
svm,bottom,manual_weak_bottom_label,0.6,all_signals,6,5,80,0,0.0,,0.2625,,,,,,0.012450520499999998,,
svm,bottom,manual_weak_bottom_label,0.6,non_overlapping,6,5,80,0,0.0,,0.2625,,,,,,0.012450520499999998,,
svm,bottom,manual_weak_bottom_label,0.7,all_signals,6,5,80,0,0.0,,0.2625,,,,,,0.012450520499999998,,
svm,bottom,manual_weak_bottom_label,0.7,non_overlapping,6,5,80,0,0.0,,0.2625,,,,,,0.012450520499999998,,
svm,top,manual_weak_top_label,0.3,all_signals,6,5,111,0,0.0,,0.0990990990990991,,,,,,0.00734634927927928,,
svm,top,manual_weak_top_label,0.3,non_overlapping,6,5,111,0,0.0,,0.0990990990990991,,,,,,0.00734634927927928,,
svm,top,manual_weak_top_label,0.4,all_signals,6,5,111,0,0.0,,0.0990990990990991,,,,,,0.00734634927927928,,
svm,top,manual_weak_top_label,0.4,non_overlapping,6,5,111,0,0.0,,0.0990990990990991,,,,,,0.00734634927927928,,
svm,top,manual_weak_top_label,0.5,all_signals,6,5,111,0,0.0,,0.0990990990990991,,,,,,0.00734634927927928,,
svm,top,manual_weak_top_label,0.5,non_overlapping,6,5,111,0,0.0,,0.0990990990990991,,,,,,0.00734634927927928,,
svm,top,manual_weak_top_label,0.6,all_signals,6,5,111,0,0.0,,0.0990990990990991,,,,,,0.00734634927927928,,
svm,top,manual_weak_top_label,0.6,non_overlapping,6,5,111,0,0.0,,0.0990990990990991,,,,,,0.00734634927927928,,
svm,top,manual_weak_top_label,0.7,all_signals,6,5,111,0,0.0,,0.0990990990990991,,,,,,0.00734634927927928,,
svm,top,manual_weak_top_label,0.7,non_overlapping,6,5,111,0,0.0,,0.0990990990990991,,,,,,0.00734634927927928,,
